<?xml version="1.0" encoding="UTF-8"?>
<!DOCTYPE suite SYSTEM "https://testng.org/testng-1.0.dtd">
<suite name="Suite">
<parameter name="URL" value="www.google.com"/>
<parameter name="username" value="1111111"/>
  <test thread-count="5" name="Test">
   <parameter name="username" value="1685453"/>
  
    <classes>
      <class name="TestNG_Selenium.BasicTestNG3"/>
      <class name="TestNG_Selenium.BasicTestNG2"/>
      
    </classes>
     </test> <!-- Test -->
     <test name="Parameter">
     <classes>
     <class name="TestNG_Selenium.BasicTestNG1"/>
     </classes>
     </test>
</suite> <!-- Suite -->
